Workbook

Sheet Inventory
A1: Tool | B1: Category | C1: Monthly cost (USD) | D1: Owner team | E1: Users | F1: What it is used for / pain | G1: Critical system? (Y/N) | H1: Value (1-5) | I1: Confidence (0.1-1) | J1: Effort (1-5) | K1: Risk (1-5) | L1: Score | M1: Decision | N1: Rank | O1: Monthly saving if replaced (USD)
L2: =IF(OR(H2="",I2="",J2="",K2=""),"",IF(J2+K2=0,"CHECK INPUT",H2*I2/(J2+K2))) | M2: =IF(L2="","",IF(L2="CHECK INPUT","CHECK INPUT",IF(G2="Y","Do not replace without sign-off",IF(L2>=Settings!$B$1,"Replace / automate candidate",IF(L2>=Settings!$B$2,"Review","Keep"))))) | N2: =IF(ISNUMBER(L2),RANK(L2,$L$2:$L$200)+COUNTIF($L$2:L2,L2)-1,"") | O2: =IF(M2="Replace / automate candidate",N(C2),0)
L3: =IF(OR(H3="",I3="",J3="",K3=""),"",IF(J3+K3=0,"CHECK INPUT",H3*I3/(J3+K3))) | M3: =IF(L3="","",IF(L3="CHECK INPUT","CHECK INPUT",IF(G3="Y","Do not replace without sign-off",IF(L3>=Settings!$B$1,"Replace / automate candidate",IF(L3>=Settings!$B$2,"Review","Keep"))))) | N3: =IF(ISNUMBER(L3),RANK(L3,$L$2:$L$200)+COUNTIF($L$2:L3,L3)-1,"") | O3: =IF(M3="Replace / automate candidate",N(C3),0)
L4: =IF(OR(H4="",I4="",J4="",K4=""),"",IF(J4+K4=0,"CHECK INPUT",H4*I4/(J4+K4))) | M4: =IF(L4="","",IF(L4="CHECK INPUT","CHECK INPUT",IF(G4="Y","Do not replace without sign-off",IF(L4>=Settings!$B$1,"Replace / automate candidate",IF(L4>=Settings!$B$2,"Review","Keep"))))) | N4: =IF(ISNUMBER(L4),RANK(L4,$L$2:$L$200)+COUNTIF($L$2:L4,L4)-1,"") | O4: =IF(M4="Replace / automate candidate",N(C4),0)
L5: =IF(OR(H5="",I5="",J5="",K5=""),"",IF(J5+K5=0,"CHECK INPUT",H5*I5/(J5+K5))) | M5: =IF(L5="","",IF(L5="CHECK INPUT","CHECK INPUT",IF(G5="Y","Do not replace without sign-off",IF(L5>=Settings!$B$1,"Replace / automate candidate",IF(L5>=Settings!$B$2,"Review","Keep"))))) | N5: =IF(ISNUMBER(L5),RANK(L5,$L$2:$L$200)+COUNTIF($L$2:L5,L5)-1,"") | O5: =IF(M5="Replace / automate candidate",N(C5),0)
L6: =IF(OR(H6="",I6="",J6="",K6=""),"",IF(J6+K6=0,"CHECK INPUT",H6*I6/(J6+K6))) | M6: =IF(L6="","",IF(L6="CHECK INPUT","CHECK INPUT",IF(G6="Y","Do not replace without sign-off",IF(L6>=Settings!$B$1,"Replace / automate candidate",IF(L6>=Settings!$B$2,"Review","Keep"))))) | N6: =IF(ISNUMBER(L6),RANK(L6,$L$2:$L$200)+COUNTIF($L$2:L6,L6)-1,"") | O6: =IF(M6="Replace / automate candidate",N(C6),0)
L7: =IF(OR(H7="",I7="",J7="",K7=""),"",IF(J7+K7=0,"CHECK INPUT",H7*I7/(J7+K7))) | M7: =IF(L7="","",IF(L7="CHECK INPUT","CHECK INPUT",IF(G7="Y","Do not replace without sign-off",IF(L7>=Settings!$B$1,"Replace / automate candidate",IF(L7>=Settings!$B$2,"Review","Keep"))))) | N7: =IF(ISNUMBER(L7),RANK(L7,$L$2:$L$200)+COUNTIF($L$2:L7,L7)-1,"") | O7: =IF(M7="Replace / automate candidate",N(C7),0)
L8: =IF(OR(H8="",I8="",J8="",K8=""),"",IF(J8+K8=0,"CHECK INPUT",H8*I8/(J8+K8))) | M8: =IF(L8="","",IF(L8="CHECK INPUT","CHECK INPUT",IF(G8="Y","Do not replace without sign-off",IF(L8>=Settings!$B$1,"Replace / automate candidate",IF(L8>=Settings!$B$2,"Review","Keep"))))) | N8: =IF(ISNUMBER(L8),RANK(L8,$L$2:$L$200)+COUNTIF($L$2:L8,L8)-1,"") | O8: =IF(M8="Replace / automate candidate",N(C8),0)
L9: =IF(OR(H9="",I9="",J9="",K9=""),"",IF(J9+K9=0,"CHECK INPUT",H9*I9/(J9+K9))) | M9: =IF(L9="","",IF(L9="CHECK INPUT","CHECK INPUT",IF(G9="Y","Do not replace without sign-off",IF(L9>=Settings!$B$1,"Replace / automate candidate",IF(L9>=Settings!$B$2,"Review","Keep"))))) | N9: =IF(ISNUMBER(L9),RANK(L9,$L$2:$L$200)+COUNTIF($L$2:L9,L9)-1,"") | O9: =IF(M9="Replace / automate candidate",N(C9),0)
L10: =IF(OR(H10="",I10="",J10="",K10=""),"",IF(J10+K10=0,"CHECK INPUT",H10*I10/(J10+K10))) | M10: =IF(L10="","",IF(L10="CHECK INPUT","CHECK INPUT",IF(G10="Y","Do not replace without sign-off",IF(L10>=Settings!$B$1,"Replace / automate candidate",IF(L10>=Settings!$B$2,"Review","Keep"))))) | N10: =IF(ISNUMBER(L10),RANK(L10,$L$2:$L$200)+COUNTIF($L$2:L10,L10)-1,"") | O10: =IF(M10="Replace / automate candidate",N(C10),0)
L11: =IF(OR(H11="",I11="",J11="",K11=""),"",IF(J11+K11=0,"CHECK INPUT",H11*I11/(J11+K11))) | M11: =IF(L11="","",IF(L11="CHECK INPUT","CHECK INPUT",IF(G11="Y","Do not replace without sign-off",IF(L11>=Settings!$B$1,"Replace / automate candidate",IF(L11>=Settings!$B$2,"Review","Keep"))))) | N11: =IF(ISNUMBER(L11),RANK(L11,$L$2:$L$200)+COUNTIF($L$2:L11,L11)-1,"") | O11: =IF(M11="Replace / automate candidate",N(C11),0)
L12: =IF(OR(H12="",I12="",J12="",K12=""),"",IF(J12+K12=0,"CHECK INPUT",H12*I12/(J12+K12))) | M12: =IF(L12="","",IF(L12="CHECK INPUT","CHECK INPUT",IF(G12="Y","Do not replace without sign-off",IF(L12>=Settings!$B$1,"Replace / automate candidate",IF(L12>=Settings!$B$2,"Review","Keep"))))) | N12: =IF(ISNUMBER(L12),RANK(L12,$L$2:$L$200)+COUNTIF($L$2:L12,L12)-1,"") | O12: =IF(M12="Replace / automate candidate",N(C12),0)
L13: =IF(OR(H13="",I13="",J13="",K13=""),"",IF(J13+K13=0,"CHECK INPUT",H13*I13/(J13+K13))) | M13: =IF(L13="","",IF(L13="CHECK INPUT","CHECK INPUT",IF(G13="Y","Do not replace without sign-off",IF(L13>=Settings!$B$1,"Replace / automate candidate",IF(L13>=Settings!$B$2,"Review","Keep"))))) | N13: =IF(ISNUMBER(L13),RANK(L13,$L$2:$L$200)+COUNTIF($L$2:L13,L13)-1,"") | O13: =IF(M13="Replace / automate candidate",N(C13),0)
... L200: =IF(OR(H200="",I200="",J200="",K200=""),"",IF(J200+K200=0,"CHECK INPUT",H200*I200/(J200+K200))) | M200: =IF(L200="","",IF(L200="CHECK INPUT","CHECK INPUT",IF(G200="Y","Do not replace without sign-off",IF(L200>=Settings!$B$1,"Replace / automate candidate",IF(L200>=Settings!$B$2,"Review","Keep"))))) | N200: =IF(ISNUMBER(L200),RANK(L200,$L$2:$L$200)+COUNTIF($L$2:L200,L200)-1,"") | O200: =IF(M200="Replace / automate candidate",N(C200),0)

Sheet Ranking
A1: Rank | B1: Tool | C1: Score | D1: Decision | E1: Monthly cost (USD) | G1: Total monthly spend (USD) | H1: =SUM(Inventory!C2:C200)
A2: 1 | B2: =IFERROR(INDEX(Inventory!$A$2:$A$200,MATCH(1,Inventory!$N$2:$N$200,0)),"") | C2: =IFERROR(INDEX(Inventory!$L$2:$L$200,MATCH(1,Inventory!$N$2:$N$200,0)),"") | D2: =IFERROR(INDEX(Inventory!$M$2:$M$200,MATCH(1,Inventory!$N$2:$N$200,0)),"") | E2: =IFERROR(INDEX(Inventory!$C$2:$C$200,MATCH(1,Inventory!$N$2:$N$200,0)),"") | G2: Spend on replace candidates (USD) | H2: =SUM(Inventory!O2:O200)
A3: 2 | B3: =IFERROR(INDEX(Inventory!$A$2:$A$200,MATCH(2,Inventory!$N$2:$N$200,0)),"") | C3: =IFERROR(INDEX(Inventory!$L$2:$L$200,MATCH(2,Inventory!$N$2:$N$200,0)),"") | D3: =IFERROR(INDEX(Inventory!$M$2:$M$200,MATCH(2,Inventory!$N$2:$N$200,0)),"") | E3: =IFERROR(INDEX(Inventory!$C$2:$C$200,MATCH(2,Inventory!$N$2:$N$200,0)),"") | G3: Savings exclude staff time, which is often the bigger gain.
A4: 3 | B4: =IFERROR(INDEX(Inventory!$A$2:$A$200,MATCH(3,Inventory!$N$2:$N$200,0)),"") | C4: =IFERROR(INDEX(Inventory!$L$2:$L$200,MATCH(3,Inventory!$N$2:$N$200,0)),"") | D4: =IFERROR(INDEX(Inventory!$M$2:$M$200,MATCH(3,Inventory!$N$2:$N$200,0)),"") | E4: =IFERROR(INDEX(Inventory!$C$2:$C$200,MATCH(3,Inventory!$N$2:$N$200,0)),"")
A5: 4 | B5: =IFERROR(INDEX(Inventory!$A$2:$A$200,MATCH(4,Inventory!$N$2:$N$200,0)),"") | C5: =IFERROR(INDEX(Inventory!$L$2:$L$200,MATCH(4,Inventory!$N$2:$N$200,0)),"") | D5: =IFERROR(INDEX(Inventory!$M$2:$M$200,MATCH(4,Inventory!$N$2:$N$200,0)),"") | E5: =IFERROR(INDEX(Inventory!$C$2:$C$200,MATCH(4,Inventory!$N$2:$N$200,0)),"")
A6: 5 | B6: =IFERROR(INDEX(Inventory!$A$2:$A$200,MATCH(5,Inventory!$N$2:$N$200,0)),"") | C6: =IFERROR(INDEX(Inventory!$L$2:$L$200,MATCH(5,Inventory!$N$2:$N$200,0)),"") | D6: =IFERROR(INDEX(Inventory!$M$2:$M$200,MATCH(5,Inventory!$N$2:$N$200,0)),"") | E6: =IFERROR(INDEX(Inventory!$C$2:$C$200,MATCH(5,Inventory!$N$2:$N$200,0)),"")
A7: 6 | B7: =IFERROR(INDEX(Inventory!$A$2:$A$200,MATCH(6,Inventory!$N$2:$N$200,0)),"") | C7: =IFERROR(INDEX(Inventory!$L$2:$L$200,MATCH(6,Inventory!$N$2:$N$200,0)),"") | D7: =IFERROR(INDEX(Inventory!$M$2:$M$200,MATCH(6,Inventory!$N$2:$N$200,0)),"") | E7: =IFERROR(INDEX(Inventory!$C$2:$C$200,MATCH(6,Inventory!$N$2:$N$200,0)),"")
A8: 7 | B8: =IFERROR(INDEX(Inventory!$A$2:$A$200,MATCH(7,Inventory!$N$2:$N$200,0)),"") | C8: =IFERROR(INDEX(Inventory!$L$2:$L$200,MATCH(7,Inventory!$N$2:$N$200,0)),"") | D8: =IFERROR(INDEX(Inventory!$M$2:$M$200,MATCH(7,Inventory!$N$2:$N$200,0)),"") | E8: =IFERROR(INDEX(Inventory!$C$2:$C$200,MATCH(7,Inventory!$N$2:$N$200,0)),"")
A9: 8 | B9: =IFERROR(INDEX(Inventory!$A$2:$A$200,MATCH(8,Inventory!$N$2:$N$200,0)),"") | C9: =IFERROR(INDEX(Inventory!$L$2:$L$200,MATCH(8,Inventory!$N$2:$N$200,0)),"") | D9: =IFERROR(INDEX(Inventory!$M$2:$M$200,MATCH(8,Inventory!$N$2:$N$200,0)),"") | E9: =IFERROR(INDEX(Inventory!$C$2:$C$200,MATCH(8,Inventory!$N$2:$N$200,0)),"")
A10: 9 | B10: =IFERROR(INDEX(Inventory!$A$2:$A$200,MATCH(9,Inventory!$N$2:$N$200,0)),"") | C10: =IFERROR(INDEX(Inventory!$L$2:$L$200,MATCH(9,Inventory!$N$2:$N$200,0)),"") | D10: =IFERROR(INDEX(Inventory!$M$2:$M$200,MATCH(9,Inventory!$N$2:$N$200,0)),"") | E10: =IFERROR(INDEX(Inventory!$C$2:$C$200,MATCH(9,Inventory!$N$2:$N$200,0)),"")
A11: 10 | B11: =IFERROR(INDEX(Inventory!$A$2:$A$200,MATCH(10,Inventory!$N$2:$N$200,0)),"") | C11: =IFERROR(INDEX(Inventory!$L$2:$L$200,MATCH(10,Inventory!$N$2:$N$200,0)),"") | D11: =IFERROR(INDEX(Inventory!$M$2:$M$200,MATCH(10,Inventory!$N$2:$N$200,0)),"") | E11: =IFERROR(INDEX(Inventory!$C$2:$C$200,MATCH(10,Inventory!$N$2:$N$200,0)),"")
A12: 11 | B12: =IFERROR(INDEX(Inventory!$A$2:$A$200,MATCH(11,Inventory!$N$2:$N$200,0)),"") | C12: =IFERROR(INDEX(Inventory!$L$2:$L$200,MATCH(11,Inventory!$N$2:$N$200,0)),"") | D12: =IFERROR(INDEX(Inventory!$M$2:$M$200,MATCH(11,Inventory!$N$2:$N$200,0)),"") | E12: =IFERROR(INDEX(Inventory!$C$2:$C$200,MATCH(11,Inventory!$N$2:$N$200,0)),"")
A13: 12 | B13: =IFERROR(INDEX(Inventory!$A$2:$A$200,MATCH(12,Inventory!$N$2:$N$200,0)),"") | C13: =IFERROR(INDEX(Inventory!$L$2:$L$200,MATCH(12,Inventory!$N$2:$N$200,0)),"") | D13: =IFERROR(INDEX(Inventory!$M$2:$M$200,MATCH(12,Inventory!$N$2:$N$200,0)),"") | E13: =IFERROR(INDEX(Inventory!$C$2:$C$200,MATCH(12,Inventory!$N$2:$N$200,0)),"")
A14: 13 | B14: =IFERROR(INDEX(Inventory!$A$2:$A$200,MATCH(13,Inventory!$N$2:$N$200,0)),"") | C14: =IFERROR(INDEX(Inventory!$L$2:$L$200,MATCH(13,Inventory!$N$2:$N$200,0)),"") | D14: =IFERROR(INDEX(Inventory!$M$2:$M$200,MATCH(13,Inventory!$N$2:$N$200,0)),"") | E14: =IFERROR(INDEX(Inventory!$C$2:$C$200,MATCH(13,Inventory!$N$2:$N$200,0)),"")
A15: 14 | B15: =IFERROR(INDEX(Inventory!$A$2:$A$200,MATCH(14,Inventory!$N$2:$N$200,0)),"") | C15: =IFERROR(INDEX(Inventory!$L$2:$L$200,MATCH(14,Inventory!$N$2:$N$200,0)),"") | D15: =IFERROR(INDEX(Inventory!$M$2:$M$200,MATCH(14,Inventory!$N$2:$N$200,0)),"") | E15: =IFERROR(INDEX(Inventory!$C$2:$C$200,MATCH(14,Inventory!$N$2:$N$200,0)),"")
A16: 15 | B16: =IFERROR(INDEX(Inventory!$A$2:$A$200,MATCH(15,Inventory!$N$2:$N$200,0)),"") | C16: =IFERROR(INDEX(Inventory!$L$2:$L$200,MATCH(15,Inventory!$N$2:$N$200,0)),"") | D16: =IFERROR(INDEX(Inventory!$M$2:$M$200,MATCH(15,Inventory!$N$2:$N$200,0)),"") | E16: =IFERROR(INDEX(Inventory!$C$2:$C$200,MATCH(15,Inventory!$N$2:$N$200,0)),"")
A17: 16 | B17: =IFERROR(INDEX(Inventory!$A$2:$A$200,MATCH(16,Inventory!$N$2:$N$200,0)),"") | C17: =IFERROR(INDEX(Inventory!$L$2:$L$200,MATCH(16,Inventory!$N$2:$N$200,0)),"") | D17: =IFERROR(INDEX(Inventory!$M$2:$M$200,MATCH(16,Inventory!$N$2:$N$200,0)),"") | E17: =IFERROR(INDEX(Inventory!$C$2:$C$200,MATCH(16,Inventory!$N$2:$N$200,0)),"")
A18: 17 | B18: =IFERROR(INDEX(Inventory!$A$2:$A$200,MATCH(17,Inventory!$N$2:$N$200,0)),"") | C18: =IFERROR(INDEX(Inventory!$L$2:$L$200,MATCH(17,Inventory!$N$2:$N$200,0)),"") | D18: =IFERROR(INDEX(Inventory!$M$2:$M$200,MATCH(17,Inventory!$N$2:$N$200,0)),"") | E18: =IFERROR(INDEX(Inventory!$C$2:$C$200,MATCH(17,Inventory!$N$2:$N$200,0)),"")
A19: 18 | B19: =IFERROR(INDEX(Inventory!$A$2:$A$200,MATCH(18,Inventory!$N$2:$N$200,0)),"") | C19: =IFERROR(INDEX(Inventory!$L$2:$L$200,MATCH(18,Inventory!$N$2:$N$200,0)),"") | D19: =IFERROR(INDEX(Inventory!$M$2:$M$200,MATCH(18,Inventory!$N$2:$N$200,0)),"") | E19: =IFERROR(INDEX(Inventory!$C$2:$C$200,MATCH(18,Inventory!$N$2:$N$200,0)),"")
A20: 19 | B20: =IFERROR(INDEX(Inventory!$A$2:$A$200,MATCH(19,Inventory!$N$2:$N$200,0)),"") | C20: =IFERROR(INDEX(Inventory!$L$2:$L$200,MATCH(19,Inventory!$N$2:$N$200,0)),"") | D20: =IFERROR(INDEX(Inventory!$M$2:$M$200,MATCH(19,Inventory!$N$2:$N$200,0)),"") | E20: =IFERROR(INDEX(Inventory!$C$2:$C$200,MATCH(19,Inventory!$N$2:$N$200,0)),"")
A21: 20 | B21: =IFERROR(INDEX(Inventory!$A$2:$A$200,MATCH(20,Inventory!$N$2:$N$200,0)),"") | C21: =IFERROR(INDEX(Inventory!$L$2:$L$200,MATCH(20,Inventory!$N$2:$N$200,0)),"") | D21: =IFERROR(INDEX(Inventory!$M$2:$M$200,MATCH(20,Inventory!$N$2:$N$200,0)),"") | E21: =IFERROR(INDEX(Inventory!$C$2:$C$200,MATCH(20,Inventory!$N$2:$N$200,0)),"")
A22: 21 | B22: =IFERROR(INDEX(Inventory!$A$2:$A$200,MATCH(21,Inventory!$N$2:$N$200,0)),"") | C22: =IFERROR(INDEX(Inventory!$L$2:$L$200,MATCH(21,Inventory!$N$2:$N$200,0)),"") | D22: =IFERROR(INDEX(Inventory!$M$2:$M$200,MATCH(21,Inventory!$N$2:$N$200,0)),"") | E22: =IFERROR(INDEX(Inventory!$C$2:$C$200,MATCH(21,Inventory!$N$2:$N$200,0)),"")
A23: 22 | B23: =IFERROR(INDEX(Inventory!$A$2:$A$200,MATCH(22,Inventory!$N$2:$N$200,0)),"") | C23: =IFERROR(INDEX(Inventory!$L$2:$L$200,MATCH(22,Inventory!$N$2:$N$200,0)),"") | D23: =IFERROR(INDEX(Inventory!$M$2:$M$200,MATCH(22,Inventory!$N$2:$N$200,0)),"") | E23: =IFERROR(INDEX(Inventory!$C$2:$C$200,MATCH(22,Inventory!$N$2:$N$200,0)),"")
A24: 23 | B24: =IFERROR(INDEX(Inventory!$A$2:$A$200,MATCH(23,Inventory!$N$2:$N$200,0)),"") | C24: =IFERROR(INDEX(Inventory!$L$2:$L$200,MATCH(23,Inventory!$N$2:$N$200,0)),"") | D24: =IFERROR(INDEX(Inventory!$M$2:$M$200,MATCH(23,Inventory!$N$2:$N$200,0)),"") | E24: =IFERROR(INDEX(Inventory!$C$2:$C$200,MATCH(23,Inventory!$N$2:$N$200,0)),"")
A25: 24 | B25: =IFERROR(INDEX(Inventory!$A$2:$A$200,MATCH(24,Inventory!$N$2:$N$200,0)),"") | C25: =IFERROR(INDEX(Inventory!$L$2:$L$200,MATCH(24,Inventory!$N$2:$N$200,0)),"") | D25: =IFERROR(INDEX(Inventory!$M$2:$M$200,MATCH(24,Inventory!$N$2:$N$200,0)),"") | E25: =IFERROR(INDEX(Inventory!$C$2:$C$200,MATCH(24,Inventory!$N$2:$N$200,0)),"")
A26: 25 | B26: =IFERROR(INDEX(Inventory!$A$2:$A$200,MATCH(25,Inventory!$N$2:$N$200,0)),"") | C26: =IFERROR(INDEX(Inventory!$L$2:$L$200,MATCH(25,Inventory!$N$2:$N$200,0)),"") | D26: =IFERROR(INDEX(Inventory!$M$2:$M$200,MATCH(25,Inventory!$N$2:$N$200,0)),"") | E26: =IFERROR(INDEX(Inventory!$C$2:$C$200,MATCH(25,Inventory!$N$2:$N$200,0)),"")
A27: 26 | B27: =IFERROR(INDEX(Inventory!$A$2:$A$200,MATCH(26,Inventory!$N$2:$N$200,0)),"") | C27: =IFERROR(INDEX(Inventory!$L$2:$L$200,MATCH(26,Inventory!$N$2:$N$200,0)),"") | D27: =IFERROR(INDEX(Inventory!$M$2:$M$200,MATCH(26,Inventory!$N$2:$N$200,0)),"") | E27: =IFERROR(INDEX(Inventory!$C$2:$C$200,MATCH(26,Inventory!$N$2:$N$200,0)),"")
A28: 27 | B28: =IFERROR(INDEX(Inventory!$A$2:$A$200,MATCH(27,Inventory!$N$2:$N$200,0)),"") | C28: =IFERROR(INDEX(Inventory!$L$2:$L$200,MATCH(27,Inventory!$N$2:$N$200,0)),"") | D28: =IFERROR(INDEX(Inventory!$M$2:$M$200,MATCH(27,Inventory!$N$2:$N$200,0)),"") | E28: =IFERROR(INDEX(Inventory!$C$2:$C$200,MATCH(27,Inventory!$N$2:$N$200,0)),"")
A29: 28 | B29: =IFERROR(INDEX(Inventory!$A$2:$A$200,MATCH(28,Inventory!$N$2:$N$200,0)),"") | C29: =IFERROR(INDEX(Inventory!$L$2:$L$200,MATCH(28,Inventory!$N$2:$N$200,0)),"") | D29: =IFERROR(INDEX(Inventory!$M$2:$M$200,MATCH(28,Inventory!$N$2:$N$200,0)),"") | E29: =IFERROR(INDEX(Inventory!$C$2:$C$200,MATCH(28,Inventory!$N$2:$N$200,0)),"")
A30: 29 | B30: =IFERROR(INDEX(Inventory!$A$2:$A$200,MATCH(29,Inventory!$N$2:$N$200,0)),"") | C30: =IFERROR(INDEX(Inventory!$L$2:$L$200,MATCH(29,Inventory!$N$2:$N$200,0)),"") | D30: =IFERROR(INDEX(Inventory!$M$2:$M$200,MATCH(29,Inventory!$N$2:$N$200,0)),"") | E30: =IFERROR(INDEX(Inventory!$C$2:$C$200,MATCH(29,Inventory!$N$2:$N$200,0)),"")
A31: 30 | B31: =IFERROR(INDEX(Inventory!$A$2:$A$200,MATCH(30,Inventory!$N$2:$N$200,0)),"") | C31: =IFERROR(INDEX(Inventory!$L$2:$L$200,MATCH(30,Inventory!$N$2:$N$200,0)),"") | D31: =IFERROR(INDEX(Inventory!$M$2:$M$200,MATCH(30,Inventory!$N$2:$N$200,0)),"") | E31: =IFERROR(INDEX(Inventory!$C$2:$C$200,MATCH(30,Inventory!$N$2:$N$200,0)),"")

Sheet Settings
A1: Replace threshold (score >=) | B1: 1
A2: Review threshold (score >=) | B2: 0.5
A4: Score = value x confidence / (effort + risk). Critical systems never qualify.

Sheet Checklist
A1: ID | B1: Question | C1: Question (FR) | D1: Passes when
A2: C1 | B2: Is it a critical system (site control, metering, billing, finance books)? | C2: Critique ? Ne pas remplacer sans validation. | D2: If yes: no replacement without IT Senior Manager and FP&A Lead sign-off; access read-only by default.
A3: C2 | B3: Can all data be exported in an open format (CSV, JSON, SQL)? | C3: Export complet possible ? | D3: A full export has been tested, not just promised.
A4: C3 | B4: Are the accounts and licences owned by the company, not a person? | C4: Comptes et licences au nom de l'entreprise ? | D4: Admin accounts sit on company-owned identities with MFA.
A5: C4 | B5: What personal or sensitive data does it hold, and where is it stored? | C5: Quelles donnees personnelles, et ou ? | D5: Covered by GDPR principles and DRC law; a data processing agreement exists or is planned.
A6: C5 | B6: Can the replacement run in company-owned infrastructure with least-privilege access? | C6: Hebergement et acces minimaux ? | D6: Secrets manager, MFA, separate environments, backups, access granted by IT/Cloud managers.
A7: C6 | B7: Does the replacement use AI? | C7: Usage d'IA ? | D7: Approved provider only, no training on company data, no sensitive data typed into AI tools, a person reviews any AI output that affects money.
A8: C7 | B8: Who maintains it after handover? | C8: Qui le maintient apres la livraison ? | D8: Named owner, documentation, runbook, training session delivered.
A9: C8 | B9: What are the contract notice period and exit cost? | C9: Preavis et cout de sortie ? | D9: Cancellation date known; parallel running fits before it.
A10: C9 | B10: What does it integrate with (APIs, webhooks, Google Workspace, accounting)? | C10: Quelles integrations ? | D10: Every integration is listed and has a replacement path.
A11: C10 | B11: Is there a tested backup/restore and an availability target? | C11: Sauvegarde, restauration, disponibilite ? | D11: Restore was tested once; target agreed with IT Senior Manager.
A12: C11 | B12: Is there a pilot with a rollback? | C12: Pilote avec retour arriere ? | D12: Run in parallel for an agreed period; rollback procedure written and rehearsed.
